Topic,Sentence
Soccer World Cup 2020,"The 2020 FIFA World Cup, a globally anticipated event, brought together nations from around the world."
Soccer World Cup 2020,"Hosted in multiple cities, the 2020 Soccer World Cup was a month-long celebration of the beautiful game."
Soccer World Cup 2020,"It featured the world's top soccer teams, each vying for the coveted championship title in the Soccer World Cup."
Soccer World Cup 2020,"With palpable anticipation, fans from diverse backgrounds united to support their respective nations in the Soccer World Cup."
Soccer World Cup 2020,"The matches were held in state-of-the-art stadiums, showcasing the pinnacle of soccer infrastructure in the Soccer World Cup."
Soccer World Cup 2020,Talented soccer players displayed their skills on the field during the Soccer World Cup.
Soccer World Cup 2020,"The tournament was not just a competition but also a cultural exchange where fans shared traditions, music, and their passion for the Soccer World Cup."
Soccer World Cup 2020,"The tournament saw nail-biting moments, penalty shootouts, and thrilling comebacks, making the Soccer World Cup unforgettable."
Soccer World Cup 2020,"In the end, the 2020 Soccer World Cup reached its pinnacle as two teams faced off, and a nation's pride was at stake."
Soccer World Cup 2020,"The Soccer World Cup left an indelible mark on the hearts of fans worldwide, reminding us of the power of sports to unite and inspire."
Kids' Behavior at Home,"Children's behavior at home is a dynamic aspect of family life, where kids often display boundless energy and curiosity."
Kids' Behavior at Home,"At a young age, kids are full of energy, exploring their surroundings, asking countless questions, and learning through play at home."
Kids' Behavior at Home,"Parents and caregivers play a crucial role in shaping kids' behavior, providing guidance and setting boundaries within the home."
Kids' Behavior at Home,"Kids may display a wide range of emotions at home, from joy and laughter to frustration and tears."
Kids' Behavior at Home,Positive reinforcement and communication with parents nurture emotional development in kids at home.
Kids' Behavior at Home,Routine and structure are essential for kids' well-being in their home environment.
Kids' Behavior at Home,"Consistent meal times, bedtime routines, and designated play and study hours create a sense of security at home."
Kids' Behavior at Home,Setting rules and consequences helps children understand boundaries and responsibilities within the home.
Kids' Behavior at Home,"Engaging activities like reading books, doing art projects, and exploring nature foster creativity and learning in kids at home."
Kids' Behavior at Home,"As children grow, they develop a sense of independence and may test boundaries, requiring a balanced approach from parents within the home."
Nobel Prize 2020,"The Nobel Prize, one of the world's most prestigious awards, recognized exceptional achievements across multiple fields in 2020."
Nobel Prize 2020,"Celebrating the brilliant minds that expanded knowledge, the Nobel Prize acknowledged outstanding contributions in various areas."
Nobel Prize 2020,"In 2020, the Nobel Prize awarded laureates in Physics, Chemistry, Medicine, Literature, and Peace for their remarkable accomplishments."
Nobel Prize 2020,"The Nobel Prize in Physics was awarded for groundbreaking work in understanding the universe, including the discovery of black holes."
Nobel Prize 2020,Chemistry laureates were acknowledged for innovations that have practical applications in various industries.
Nobel Prize 2020,The Nobel Prize in Physiology or Medicine highlighted advancements in medical research and treatments.
Nobel Prize 2020,"Recognizing exceptional literary works, the Nobel Prize in Literature stirred emotions and enriched our cultural heritage."
Nobel Prize 2020,"The Nobel Peace Prize, awarded to individuals or organizations, made significant contributions to peace and conflict resolution."
Nobel Prize 2020,The Nobel Prize in 2020 celebrated accomplishments and served as a reminder of the potential for positive change and innovation across the world.
Keeping Pets at Home,"Keeping pets at home is a rewarding and fulfilling experience, where pets, whether dogs, cats, birds, or reptiles, become beloved members of the family."
Keeping Pets at Home,"They offer companionship, unconditional love, and a unique bond that enriches the lives of those who open their homes to pets."
Keeping Pets at Home,"Dogs, known for loyalty, provide affection, protection, and endless joy, making them cherished members of many households."
Keeping Pets at Home,"Cats, independent and graceful, bring tranquility and comfort to homes with their purring and soft fur."
Keeping Pets at Home,"Birds, with their colorful plumage and melodious songs, add a touch of nature and serenity to the home environment."
Keeping Pets at Home,"Fish, residing in aquariums, offer a visually appealing and serene element that captivates observers."
Keeping Pets at Home,"Reptiles, such as turtles and lizards, are fascinating creatures requiring specialized care, making them intriguing pets for enthusiasts."
Keeping Pets at Home,"Responsible pet ownership involves providing proper nutrition, veterinary care, and a safe environment within the home."
Keeping Pets at Home,"In return, pets reciprocate with affection and become cherished companions within their respective homes."
Keeping Pets at Home,The bond between pets and their human families is a source of immense happiness in homes worldwide.
Climbing Mount Everest,"Climbing Mount Everest is a formidable and life-changing endeavor, where adventurers and mountaineers pursue the dream and challenge of scaling the world's highest peak."
Climbing Mount Everest,"Everest's summit, standing at an elevation of 29,032 feet (8,849 meters), is an iconic symbol of determination, courage, and exploration."
Climbing Mount Everest,"The journey to Mount Everest's summit begins with meticulous planning, physical training, and the acquisition of necessary climbing skills."
Climbing Mount Everest,"Climbers embark on a treacherous expedition, navigating through perilous icefalls, enduring extreme temperatures, and battling high-altitude conditions."
Climbing Mount Everest,Base camps along the route provide temporary respite and acclimatization for climbers as they make their ascent.
Climbing Mount Everest,Reaching the summit of Mount Everest represents a momentous achievement and the realization of a lifelong dream for many climbers.
Climbing Mount Everest,"From the peak, climbers are greeted with breathtaking panoramic views of the world below, a reward for their determination and perseverance."
Climbing Mount Everest,"However, Mount Everest is unforgiving, and many climbers have lost their lives attempting the ascent, underscoring the mountain's challenges."
Climbing Mount Everest,"Climbing Mount Everest is not just a physical feat but a test of mental fortitude and perseverance, showcasing the human spirit's capacity to conquer the impossible."
Climbing Mount Everest,"Both literally and metaphorically, climbing Mount Everest represents a journey that reaches new heights."
Primary school,"In the context of primary school education, young learners embark on a foundational journey of knowledge acquisition."
Primary school,"Within the primary school setting, educators nurture and cultivate essential skills in children."
Primary school,"The subjects covered in primary school, including mathematics, science, and language arts, form the bedrock of learning."
Primary school,"A primary school teacher's role is pivotal, influencing and guiding the minds of the youngest learners."
Primary school,"Active and engaging learning activities are integral to the primary school experience, fostering holistic development."
Primary school,"Primary education emphasizes the mastery of basic numeracy and literacy skills, fundamental for lifelong learning."
Primary school,"In primary schools, the creation of a supportive and inclusive environment is of paramount importance."
Primary school,"Typically, children embark on their primary school journey around the age of six or seven."
Primary school,"Although primary school curricula may vary by region, they universally prioritize essential knowledge and skills."
Primary school,The primary school phase lays the foundation for instilling a lifelong passion for the pursuit of knowledge.
Graduate student,"In the role of a graduate student, individuals immerse themselves in advanced studies beyond a bachelor's degree."
Graduate student,"Graduate students specialize in particular fields, conducting in-depth research and academic exploration."
Graduate student,Collaboration with academic advisors is a defining feature of a graduate student's academic journey.
Graduate student,Research undertaken by graduate students contributes substantially to the body of academic knowledge.
Graduate student,"The life of a graduate student is marked by a rigorous schedule of coursework, seminars, and research endeavors."
Graduate student,"Financial support, in the form of fellowships or teaching assistantships, facilitates graduate studies."
Graduate student,It is common practice for graduate students to present their research findings at academic conferences.
Graduate student,Balancing academic commitments with personal life can pose significant challenges for graduate students.
Graduate student,"The pursuit of advanced degrees, such as master's or doctorate programs, is a shared aspiration among graduate students."
Graduate student,The world of higher education beckons graduate students with a multitude of career opportunities.
Truck driver,"In the capacity of a truck driver, individuals assume the responsibility of operating sizable vehicles for cargo transportation."
Truck driver,"Truck drivers hold a pivotal role within the transportation and logistics sector, ensuring the safe and punctual delivery of goods."
Truck driver,"To operate trucks, individuals must obtain a commercial driver's license (CDL) as a prerequisite."
Truck driver,"Long-haul truck drivers frequently endure extended periods of travel on the road, transporting cargo across vast distances."
Truck driver,"The work schedule of truck drivers often deviates from conventional hours, involving irregular and long shifts."
Truck driver,Strict adherence to safety regulations and traffic laws is imperative for individuals working as truck drivers.
Truck driver,Routine vehicle inspections and meticulous maintenance practices are indispensable aspects of this profession.
Truck driver,"Truck drivers harness the power of technology, utilizing tools like GPS and communication systems for navigation and coordination."
Truck driver,"The profession of truck driving encompasses diverse opportunities, spanning local routes and interstate journeys."
Truck driver,"Truck drivers constitute the backbone of the global supply chain, facilitating the movement of goods and commerce."
Farmer,A farmer's role centers around the cultivation of crops and the stewardship of livestock for the production of essential resources.
Farmer,"Farming stands as a cornerstone of food production, serving as a linchpin of economies and sustenance worldwide."
Farmer,"Farmers, operating across a spectrum of operations, contribute to the vitality of agriculture, from small farms to expansive enterprises."
Farmer,"In their work, farmers align their actions with seasonal rhythms and the ebb and flow of weather patterns."
Farmer,Sustainable farming practices underscore the importance of preserving soil fertility through crop diversity and rotation.
Farmer,Farmers harness modern equipment and technology to enhance the efficiency and productivity of their agricultural endeavors.
Farmer,"Within the domain of livestock farming, farmers exhibit care and guardianship over animals like cattle and poultry."
Farmer,"Farmers confront a gamut of challenges, from pest management to drought resilience and market fluctuations."
Farmer,Sustainable agriculture prioritizes the tenets of environmental conservation and responsible resource utilization.
Farmer,"Farmers, in their vocation, bear the mantle of land stewards, preserving the earth for the welfare of future generations."
Sustainable agriculture,Sustainable agriculture serves as a vital approach aimed at meeting current needs while safeguarding resources for posterity.
Sustainable agriculture,This multifaceted discipline advocates for practices that mitigate environmental impact and bolster biodiversity.
Sustainable agriculture,Central to sustainable agriculture is the practice of crop diversity and rotation to maintain soil fertility and health.
Sustainable agriculture,"Organic farming, as an integral facet of sustainability, abstains from the use of synthetic chemicals in agriculture."
Sustainable agriculture,"Effective water management, marked by efficient irrigation practices, forms a cornerstone of sustainable agricultural endeavors."
Sustainable agriculture,Sustainable agriculture places an emphasis on the holistic well-being of farmers and their communities.
Sustainable agriculture,"The consumption of locally sourced, seasonal foods is an intrinsic element of sustainability, reducing carbon emissions."
Sustainable agriculture,"Agroforestry, which integrates trees into farming systems, contributes to the sustainability of agriculture."
Sustainable agriculture,Sustainable agriculture strives to curtail waste and bolster food security through responsible resource utilization.
Sustainable agriculture,"Collaboration and synergy among farmers, researchers, and communities propel the tenets of sustainable agriculture forward."
IT professional,The role of an IT professional revolves around the specialization in information technology and computer systems.
IT professional,"IT professionals shoulder the responsibility of managing and troubleshooting hardware, software, and intricate networks."
IT professional,"Within organizations, they play a pivotal role in ensuring the seamless operation of IT infrastructure."
IT professional,"IT professionals span various domains, encompassing cybersecurity, software development, and IT support."
IT professional,Continual learning constitutes an indispensable component of the IT professional's journey to stay abreast of technological advancements.
IT professional,"The delivery of technical support forms a linchpin of their role, addressing software and hardware anomalies effectively."
IT professional,Cybersecurity measures are meticulously orchestrated to shield data and information from potential threats.
IT professional,"IT project management, entailing meticulous planning and execution, underscores the completion of technology-driven initiatives."
IT professional,"Commonly, IT professionals pursue certifications such as CompTIA and Cisco to validate their expertise."
IT professional,"Within the sprawling landscape of the IT industry, diverse career pathways and opportunities beckon professionals."
